행정구역별,200801,200802,200803,200804,200805,200806,200807,200808,200809,200810,200811,200812,200901,200902,200903,200904,200905,200906,200907,200908,200909,200910,200911,200912,201001,201002,201003,201004,201005,201006,201007,201008,201009,201010,201011,201012,201101,201102,201103,201104,201105,201106,201107,201108,201109,201110,201111,201112,201201,201202,201203,201204,201205,201206,201207,201208,201209,201210,201211,201212,201301,201302,201303,201304,201305,201306,201307,201308,201309,201310,201311,201312,201401,201402,201403,201404,201405,201406,201407,201408,201409,201410,201411,201412,201501,201502,201503,201504,201505,201506,201507,201508,201509,201510,201511,201512,201601,201602,201603,201604,201605,201606,201607,201608,201609,201610,201611,201612,201701,201702,201703,201704,201705,201706,201707,201708,201709,201710,201711,201712,201801,201802,201803,201804,201805,201806,201807,201808,201809,201810,201811,201812,201901,201902,201903,201904,201905,201906,201907,201908,201909,201910,201911,201912,202001,202002,202003,202004,202005,202006,202007,202008,202009,202010,202011,202012,202101,202102,202103,202104,202105,202106,202107,202108,202109,202110,202111,202112,202201,202202,202203,202204,202205,202206,202207,202208,202209,202210,202211,202212
서울특별시,53.72089079,53.8766893,54.26771195,54.70208661,54.87917229,55.01053896,55.15431776,55.18910573,55.28345384,55.1431002,54.54085833,52.99970775,52.07703221,52.14735319,52.47466541,52.76893803,53.06868473,53.35081867,53.82188859,54.32282366,55.81550978,56.40165159,56.86866953,57.11896506,57.4213001,57.97192731,58.37198849,58.65821493,58.83426493,58.93243908,58.9964735,59.11735869,59.5119587,60.18085698,60.81747562,61.28306921,61.95003965,63.19612977,64.34931252,64.94803242,64.87748612,65.16913354,65.88203747,67.00069409,68.43275143,69.14003103,69.34760545,69.22616818,69.13979459,69.14953347,69.0726466,68.78352586,68.4704006,68.20993576,67.83595537,67.65370456,68.06430722,68.62939495,69.08841829,69.24264838,69.50606665,69.91903297,70.39799455,70.65090251,70.7863088,70.88421505,71.36250237,72.12940122,73.06237339,74.2122617,74.95537104,75.49001535,76.39777575,77.0758665,77.66300831,77.78276258,77.77080693,77.78897906,77.93893935,78.10855502,78.45914339,78.88483815,79.17667936,79.47686369,79.79246615,80.33059228,81.05157751,82.06309633,82.77434999,83.5744039,84.21888496,84.80042155,85.66283462,86.46399518,87.38472894,88.05248823,88.35390353,88.55851489,88.70202966,88.84808629,89.03654484,89.27108144,89.52911841,89.70264047,89.85435997,90.09377382,90.39521876,90.53578896,90.59836243,90.64054972,90.78333986,90.96640858,91.21046084,91.57710996,91.80807442,92.05695729,92.17305501,92.30032889,92.51867479,92.71261381,92.94931477,93.13421563,92.98233261,92.65489878,92.2757706,92.05405282,92.09968706,92.35755142,92.6977489,92.91225828,92.88694336,92.68636227,92.20894197,91.56849759,90.99283927,90.70251664,90.57188073,90.51640842,90.53368192,90.66504487,90.81658876,91.14104683,91.51294094,92.04709829,92.7061742,92.93259432,93.08417525,93.18615998,93.24441927,93.4648079,93.88171147,94.49181793,95.05825389,95.51155338,96.26064143,97.18221288,97.90058296,98.48464387,98.86181515,99.10087191,99.29193086,100,100.6724105,101.3995,102.0893367,102.733409,103.217347,103.4785849,103.4881874,103.3760782,103.2551668,103.1993767,103.167704,103.1215273,103.0042906,102.7433046,102.0534463,100.6039143,97.70126763,93.0135545
종로구,62.17570541,62.64834484,63.16356915,64.03790259,64.07222127,64.11956829,64.36670858,64.35885301,64.6877848,64.74735491,63.77391474,63.07213399,62.52997758,62.10585223,62.22525524,62.26016135,62.2743344,62.43835412,62.24006206,62.7618553,64.73941544,65.28289357,65.58378411,65.63838828,65.68244042,65.76059186,66.059456,66.07158738,66.19050324,66.24751346,66.24550582,66.2669598,66.67743708,66.94046236,67.14043224,68.18330472,68.51333272,69.1412279,70.73975137,71.40655789,71.67718161,71.83583422,71.98720321,72.71420299,74.10923229,75.20408107,75.61239929,75.60515944,75.60515944,75.60515944,75.60515944,75.79605843,75.79605843,75.79605843,75.83992743,76.23613413,76.45595235,76.55388115,76.62255351,76.64035176,76.70873918,76.77686153,77.38159967,77.82159162,78.05693186,78.29597742,78.7306687,79.04472522,79.5369676,80.06494247,80.30046394,80.41633586,80.91923315,81.39998162,81.58599647,81.71100172,81.72962017,81.72197748,81.71818885,81.86343177,82.37372198,82.61806877,82.70670694,82.77025303,82.91324747,83.04693553,83.69065049,84.22069019,84.48704916,84.80100034,85.09487952,85.28389946,85.73889789,86.18487878,86.71344835,86.90523796,87.02022543,87.10589989,87.1856988,87.31773857,87.70560413,87.93894082,88.41426616,88.81212345,89.0185942,89.43950845,89.89870633,90.17471079,90.33617036,90.51624997,90.80386781,91.11535677,91.35508875,91.69590529,92.16591411,92.63951462,92.79867382,93.0119121,93.36654273,93.57277782,94.09518482,94.53828364,95.08626549,95.24006862,95.54321514,96.23665773,96.56075323,96.65877266,97.27265189,97.38275802,97.77921882,97.60645394,97.44332189,97.1960065,96.27370407,95.88171596,95.66759104,95.624685,95.54528576,95.52454115,95.59364998,95.73066478,95.99814302,96.3741437,96.81333961,96.95234462,97.13190349,97.22234291,97.30964331,97.50467271,97.76567954,97.88109256,98.06210304,98.21902005,98.4275126,99.06590945,99.50531453,99.75894237,99.82176772,99.88344732,99.87430243,100,100.3440351,101.0958611,101.7701199,102.5798143,103.1794046,103.3789279,103.365645,103.1085103,103.0023874,102.9084051,102.8372416,102.7039275,102.4686717,101.9212145,100.8994177,99.50040934,97.59963269,94.59321401
중구,58.53353961,58.74572106,58.7942761,58.97123042,59.41223173,59.52244831,59.49225497,59.3713051,59.3713051,59.20825175,58.5972968,57.59404986,56.45472278,56.97856581,57.05227357,57.26922907,57.85855922,58.46332769,58.80829331,59.5552886,60.32601491,60.3477117,60.3477117,60.58904972,60.72109276,60.9351596,61.43741657,61.70205971,62.00141427,62.19904262,62.28768749,62.46377613,62.61986667,62.80270215,63.32704509,63.69363623,64.38526187,64.88100245,66.84611139,69.52080035,70.0418345,70.0418345,71.0004315,71.61882657,72.16964799,72.43988408,72.43571693,72.32482388,72.32482388,72.32482388,71.96529483,71.96529483,71.53390603,70.21217803,69.96168952,69.9446435,69.75467729,70.01911903,71.21010679,71.84401749,72.07006371,72.60551921,73.54292702,74.47545643,74.91923308,75.15223146,75.55147017,76.69057866,77.1478554,78.30754746,80.06048417,80.89945095,81.54550911,81.72153937,82.11393156,82.18485039,82.28584384,82.53178111,82.85033572,82.99898198,83.33248957,83.94660507,84.40810862,84.83843261,84.97981788,85.51441226,86.08629032,86.59104901,86.76111441,87.20760496,87.45429823,87.75207171,88.10945851,88.7096894,89.08815817,89.53594067,89.61885439,89.7134839,89.82084916,89.9351804,90.06454417,90.26901069,90.52808895,90.82579422,90.96431312,91.18102266,91.48837054,91.606189,91.70267049,91.78130976,91.9249001,92.12720333,92.22693196,92.42775309,92.80400148,93.16215586,93.5825049,93.87848538,94.3143628,94.8393503,95.01612424,95.48537433,95.67542639,95.61386948,95.59381743,95.56507514,95.66658516,95.91395119,96.2493559,96.77811737,96.81631877,96.78417664,96.59492343,96.35036803,96.08666553,95.98422784,95.89200424,95.81801794,95.68772802,95.58115848,95.67347253,95.83203606,96.00925035,96.18069444,96.48334921,96.7072568,96.83468931,96.84779312,96.85885293,96.9032885,97.11284049,97.50541343,97.79896756,98.08507974,98.40598443,99.03706222,99.4588605,99.73700299,99.85076902,99.89667133,99.92184323,100,100.3161749,100.8926287,101.6227244,102.6517891,103.3791039,103.5413009,103.5256348,103.4661097,103.3103693,103.1752238,103.1459768,103.0828619,102.899346,102.5350501,101.5547029,100.1203586,97.50775524,92.51871322
용산구,58.74202695,58.77027362,58.87532194,59.18253781,59.23706671,59.35339431,60.14919233,60.26721983,60.33105222,59.90149877,59.49520763,57.26091968,56.73648519,56.19749284,55.96251556,55.99530963,56.0033857,56.39765364,56.95693896,57.18422698,58.74249498,59.11888518,59.31096913,59.55009734,59.56566455,60.23406395,60.57862378,60.90357215,60.94250629,61.03128953,61.14460271,61.68296877,62.1784101,63.2012843,64.15220079,64.54752014,65.27990567,66.17952644,66.99033822,68.63421166,68.51948296,68.79745741,68.97313875,69.75678018,71.23296293,71.45680324,71.62991245,71.7179177,71.7179177,71.73649552,71.94452446,71.96708363,72.06110914,72.00746661,71.9945874,72.18250652,72.60005505,73.09930121,73.62064531,73.91906536,74.28646092,74.53882723,75.01970604,75.9734533,76.44286651,76.75417683,77.09108915,77.86357186,78.48199689,79.48972394,80.20732027,80.75847188,81.28606858,81.74221505,82.38129682,83.00724906,83.41498762,83.71595638,83.94946906,84.14406674,84.43512447,84.64822855,84.8601099,85.12406179,85.47565861,85.87098776,86.27595449,86.84080884,87.17122924,87.52609689,87.93177692,88.2797063,88.48358752,89.03071908,89.40975881,89.64174566,89.84148304,90.06332334,90.30682682,90.49157079,90.76861528,90.97984654,91.3048802,91.45617328,91.66654551,92.00016991,92.3546036,92.57605317,92.77536356,92.89638598,93.09915372,93.3486035,93.67898086,93.79964641,93.80859065,93.80343572,93.82127241,93.88837944,93.93064773,93.90943151,93.81296003,93.92800335,93.9619393,93.97260107,93.95925532,93.98805163,93.94822967,94.13393774,94.25538745,94.3696137,94.00738229,93.61081151,93.29718689,92.70418838,92.43473761,92.14709144,91.94749577,91.80235841,91.74387904,91.79224841,91.83809968,92.04742874,92.34152101,92.84212163,93.18795076,93.41086827,93.56336319,93.75230783,93.83598476,94.07692949,94.37258711,94.89005341,95.32056581,95.73589645,96.22348128,97.30768525,98.10724113,98.76798643,99.1912089,99.44657128,99.61092323,100,100.7077553,101.4561241,102.1865608,102.944448,103.6088135,103.8901015,103.9435827,103.8738235,103.7272635,103.6415286,103.6082337,103.4915326,103.3684778,103.0664218,102.6116451,101.4493294,98.54798729,94.02122584
성동구,48.27340812,48.31050744,49.00439664,49.13449529,49.2479518,49.35654385,49.34361058,49.23935885,49.24034039,48.79481527,48.26425732,47.22567174,46.39304216,46.532886,46.68396841,46.99798643,47.27964798,47.56005372,47.77622542,47.87010131,48.37851226,48.63035458,49.33369083,49.47975387,49.52269411,50.10614751,51.41017241,51.56117708,52.25924287,52.29553317,52.36297302,52.55002242,52.76911197,53.36834282,53.99352812,54.39010949,55.27460295,57.23151348,58.21862834,59.1307394,59.21196181,59.20567392,59.63241057,61.20894946,62.02860636,62.98892799,63.33589074,63.28411556,62.55373343,62.55966194,62.36180312,62.58856296,62.26050289,62.53713589,62.50861949,62.49102598,62.59459305,63.0760015,63.23854811,63.12644363,63.67718377,64.95442984,65.85974508,66.40741897,66.85204818,67.14117585,68.04371995,69.00753576,69.89161811,70.61529352,71.43384924,72.17008562,73.56057478,74.8059826,76.00163135,77.06375932,77.0048264,77.06006391,77.12581107,77.26032699,77.37805818,77.65262048,77.92315234,78.12359493,78.36419881,78.99775051,79.99683705,81.73585444,82.22641912,82.89556311,83.77958166,84.8136239,85.65121108,86.77818533,87.74083256,88.63864793,88.99788376,89.10859113,89.25121203,89.46483495,89.68289938,89.95502766,90.16618975,90.34687134,90.4726485,90.66485051,90.79098047,90.81569172,90.69523674,90.64383274,90.70884712,90.88747729,91.14059299,91.33021907,91.47594025,91.46290712,91.6628177,91.77801641,91.9870615,92.44876831,92.99197537,93.16808516,93.31322643,92.81733597,92.48174207,92.20376946,92.01910624,91.87700864,91.93708053,92.36960515,92.67628106,92.80982513,92.55233537,92.14589781,91.72589509,91.47792778,91.27652924,91.16443549,91.21664579,91.36912455,91.53451654,91.95816076,92.39958246,92.92014554,93.23823575,93.45075164,93.6811438,93.88640516,93.93958619,94.17060313,94.57491868,95.25706738,95.78367876,96.33098655,96.75748401,97.5562426,98.18889184,98.66566018,99.01206324,99.30910098,99.54197826,100,100.3737245,100.8107276,101.2341068,101.8298022,102.3038677,102.5859861,102.6535301,102.6745572,102.6173205,102.6415693,102.6798967,102.7260426,102.6891735,102.5697534,102.2565549,101.3693089,99.22546559,94.92876201
광진구,52.06127286,52.15666867,52.57302194,52.71150296,52.7974021,52.9723225,52.98819113,52.78605448,52.4873249,52.09179274,50.84939107,47.35364155,46.6336228,47.43277815,48.26084231,48.29279624,49.01322497,49.36244717,49.94563478,50.54968997,51.77900266,52.13609609,52.90473935,53.12390505,53.47151556,55.02903553,55.88686823,56.2001593,56.26874872,56.24942294,56.35527168,56.81402014,57.00628564,57.29665177,57.6333896,57.81522549,59.04953092,60.44415888,61.31942698,62.15427751,62.30731979,62.55775397,62.80043966,64.31143579,65.19234155,66.09865861,66.1673783,66.14001757,66.0956416,66.0956416,66.4848211,66.50929157,66.43027141,66.28040029,66.33625811,66.18995593,66.32046637,66.78944026,67.36589306,67.49654758,67.7168119,68.49169915,68.78577694,69.52042952,70.03461432,70.46477994,71.32912675,71.96877433,73.22480171,73.90535217,74.36139821,74.93949358,75.97524668,76.78123333,77.61233058,78.03154445,78.25301781,78.32373091,78.53198675,78.75530658,79.15945616,79.65263646,80.08551564,80.43907148,80.74699622,81.10592296,81.47020538,82.27064689,83.05338653,83.65051316,84.57564246,85.60954729,86.71305606,87.93270119,89.20711739,90.09084244,90.31615981,90.62582274,90.8638902,91.05029032,91.17638209,91.15907749,91.15750232,91.33200734,91.37591609,91.5627686,91.92492464,92.05575094,92.08483405,92.07813093,92.04923444,91.95765507,91.96146095,92.19789668,92.44318415,92.60557045,92.78378878,92.89913313,93.27826584,93.95819543,94.7174438,95.3145831,95.31900819,95.16334049,94.84211556,94.65021423,94.30078884,94.21849208,94.23705056,94.32664711,94.3576611,94.35255736,94.05115826,93.65497755,93.34170524,93.04974786,93.00485003,93.00485003,93.09193168,93.30605418,93.55939062,93.87442809,94.16255547,94.65388836,94.98085473,95.07885345,95.14733219,95.24285565,95.26928222,95.43543966,95.68832583,96.2156238,96.69975299,97.01431165,97.29364604,98.02449648,98.4789962,99.03588293,99.27606864,99.50164697,99.66952018,100,100.3669458,100.8377556,101.5728593,102.1212459,102.4804903,102.7947678,102.8420629,102.7080669,102.6326776,102.5779483,102.515786,102.4099829,102.2810569,102.0410647,101.6702051,100.7634242,98.84502835,95.18259127
동대문구,54.67181916,55.18323323,55.76705869,56.36489289,56.86800237,57.11865642,57.33518153,57.51580107,57.68955628,57.5919074,57.37145696,56.5507844,55.74462837,55.5036164,56.15847994,56.16372953,56.49104372,56.56966056,56.60033601,57.05864461,58.09495228,58.40814002,58.45062738,58.39954291,58.52795701,58.70654705,59.60339239,59.75753084,60.13784894,60.55760964,60.73470943,60.83860888,60.93799388,61.24632336,61.71597343,61.91445123,62.02349943,62.90045654,65.22968306,65.50353258,65.67915134,65.9495064,66.47307025,67.58285536,69.55755079,70.70419433,70.67987397,70.55862953,69.95491084,70.0240943,69.98228665,69.50002537,69.05791702,68.91702786,68.89596979,68.58662751,68.58332476,69.19817692,69.7650002,69.79800048,69.89072831,70.70330114,71.5015541,71.58401162,71.93615553,72.05073088,72.46338131,72.68645839,73.1248709,73.90125477,74.67337721,75.30710316,76.17541369,76.87531997,77.65319389,78.43304469,78.73449405,78.69006187,78.88621232,79.08404298,79.43253691,79.75653982,79.99227072,80.25717939,80.48789436,81.25891473,82.34239491,83.18854416,83.8673162,84.70038633,85.48173703,86.27068075,87.44420498,88.65056547,89.49764468,90.29697554,90.36788449,90.53187709,90.82178953,91.10776087,91.38312588,91.78481293,92.3617429,92.61657973,92.78687393,93.15136728,93.45960965,93.55889821,93.5842217,93.59256308,93.66588832,93.84113079,94.20837838,94.45500472,94.58090041,94.66879572,94.77083694,94.87045801,95.01389157,95.07101509,95.1228003,95.20280054,95.27613731,95.29492513,95.18782478,95.11639221,94.9780378,95.13063383,95.36067273,95.55616823,95.60351517,95.53114842,95.36523192,95.13661131,94.63109654,94.44847691,94.43270967,94.42117555,94.37455544,94.40748737,94.48191218,94.63479581,94.7648832,94.85558775,94.99200682,95.15176884,95.41729862,95.53932612,95.56947392,95.66979502,95.92344861,96.33311055,96.99329282,97.34272724,97.71775791,98.35911593,98.74057727,99.0764873,99.35745436,99.48106422,99.54105197,100,100.5032234,100.9963845,101.61338,102.1070536,102.5323001,102.7839843,102.8704302,102.8987992,102.868909,102.8829539,102.9015408,102.8511192,102.6964466,102.4554835,101.7588603,100.5679631,98.37972535,94.35091762
중랑구,58.848319,59.0568553,59.75290031,60.74378432,61.35877681,61.53054074,61.6412562,61.63939853,61.84457778,62.06487197,61.7298761,60.69749904,60.0148424,59.70477391,59.62909485,59.55855041,59.57619303,59.74468163,59.85135723,60.01258816,61.61892893,62.7287647,62.88147563,62.83490379,62.80410166,62.89975459,63.2859518,63.69186747,63.91336597,63.86014241,63.83609584,63.92013234,64.4185046,64.87087582,65.42077296,65.53578334,65.80076591,67.56005145,68.67489425,69.55618409,69.4448117,69.74823706,70.68823762,71.79523971,73.90768703,74.67826357,74.89975822,74.94794549,74.96538299,75.01898263,75.42072683,74.41154354,74.22982608,74.08841318,73.64283623,73.52402786,73.88468878,74.26588197,74.20641101,74.12867785,74.19577661,74.4835827,75.47333008,75.42920287,75.99026815,76.04401704,76.89527655,77.65574059,79.0943614,79.77834491,80.47433484,80.56654072,80.93765046,81.42040995,81.93654792,82.47378654,82.61029816,82.72531705,82.87273997,83.00819355,83.15515836,83.37628691,83.56625488,83.85402737,84.05457095,84.25073263,84.50298698,84.79736915,85.15490893,85.59008231,86.15511751,86.62731243,87.24416469,88.10983473,89.57461095,90.33103141,90.85543846,91.12553337,91.22339265,91.33395025,91.39809561,91.44861639,91.54385428,91.7019623,91.83372714,92.11877439,92.41556612,92.50974479,92.50974479,92.4933622,92.53583526,92.67475633,92.93833064,93.24015109,93.48642532,93.64189885,93.79452596,93.86521265,94.05260024,94.36209207,94.51002373,94.69918583,94.7551056,94.80514664,94.87681471,95.14004382,95.34448429,95.49020472,95.59623926,95.70108395,95.67544919,95.64977348,95.54158507,95.32990425,95.19753743,95.07831076,95.01502616,94.95345939,94.8772064,94.8439215,94.89480281,95.0001216,95.10098452,95.1533127,95.19811883,95.26071117,95.28922292,95.30194748,95.29445081,95.3506131,95.53898858,96.00976831,96.48989747,96.93645316,97.23260509,97.91073711,98.37345757,98.86981429,99.17355688,99.48279667,99.64222866,100,100.5364454,101.0808342,101.4871393,101.7887056,101.9675071,102.0942483,102.2064347,102.1697425,102.1103711,102.0726439,102.0815733,102.0991337,102.0133019,101.795539,101.1988686,99.9853171,97.81753891,94.15791124
성북구,53.56760632,53.47025907,53.86871843,54.16502238,54.5410935,54.61917726,54.5945113,54.66571746,54.98006112,55.04319106,54.77995432,53.80292138,52.9918955,52.42755134,52.72347845,52.87634118,52.91127625,52.97265123,53.36647508,53.55932993,55.25170315,55.48658604,55.44178734,55.59560482,55.81983639,56.58288593,57.13499566,57.37428617,57.23733453,56.90894689,56.75868154,56.51646613,56.62169809,57.13835496,57.28623316,57.63217963,58.18235303,59.78331186,62.10035851,63.47558711,63.63137299,63.71986651,64.39659513,65.26612292,66.40208218,67.39542194,67.75572899,67.43251338,68.12785566,67.94800709,68.00944198,68.00944198,68.60807438,68.68456417,68.38193666,68.48029088,68.53118431,68.52315228,68.52315228,68.54513868,68.53814169,68.72019548,69.21881433,69.7287718,70.55739184,70.91711515,71.37742724,71.791739,72.08144963,72.938489,73.49060457,74.08230815,74.59992005,74.88928566,75.59706248,75.95021109,76.21329163,76.43531305,76.65753748,76.84731429,77.21633165,77.64201947,78.05173152,78.46934358,78.75337412,79.03585102,79.39053738,79.91273599,80.50003724,81.13716091,81.81864664,82.55684846,83.30892705,84.148688,85.20749949,85.69730723,85.87047565,86.06983423,86.1964184,86.26310413,86.46494015,86.8849154,87.3946688,87.71248213,88.12683426,88.60628098,89.03934409,89.41141576,89.6385568,89.67378516,89.6677475,89.66451937,89.67807517,89.6801506,89.72085618,89.89205556,90.09536685,90.30283648,90.48574319,90.73599287,91.0449995,91.56780839,92.25617467,92.34099084,92.39143933,92.41623201,92.62857894,92.84896568,92.98027033,93.04752274,93.08873542,93.07765234,92.92589048,92.21000567,91.50489625,91.12427473,91.03659446,90.91339713,90.92365634,91.03277688,91.14262267,91.30199996,91.55987605,91.81971118,92.14512295,92.37706177,92.64521747,92.85265755,92.95230484,93.09532286,93.4033115,93.86332996,94.523143,95.08618735,95.65409539,96.32055652,97.00782195,97.58628729,98.11772802,98.63855895,99.17588153,100,100.477072,101.2042534,101.8997139,102.5798842,103.1299915,103.2297292,103.1316564,102.853598,102.5963126,102.5108743,102.4175542,102.3320174,102.1960644,101.8572594,100.8641261,98.86550325,95.13726698,88.91865629
강북구,53.27841294,53.51278383,53.51337958,54.23835664,54.58425839,55.00587565,55.19877849,55.42012328,55.67646866,56.23300858,56.22370414,55.46992755,54.97675875,54.50470893,54.40906324,54.42636178,54.46113964,54.44377529,54.468508,54.79784211,55.56737415,55.93589472,56.79974536,56.82518545,57.35868744,57.63920031,57.8208561,58.28560559,58.50835012,58.65693002,58.52138808,58.50638837,58.83076611,59.13721451,59.47700168,59.59032166,59.60379121,61.05600035,62.61599166,63.07821349,63.34345019,63.46006008,64.36862308,66.09985405,67.04951687,67.7436482,68.01378902,67.94426627,67.7136001,67.86242667,67.12154048,67.13712397,67.22639109,66.96090597,66.95286526,66.77899969,66.85552598,67.54220099,68.02211222,68.25455966,68.43972062,68.74159032,69.39810004,70.10633741,70.3123719,70.28254662,70.62942726,71.24385785,72.16056592,73.35202684,74.13510164,74.54195359,74.86680001,75.5218248,76.60016058,76.88672858,76.80064615,76.84599444,77.06863591,77.34771143,77.97167516,78.63462027,79.23856463,79.66205647,80.02487822,80.49792168,81.36878323,82.3197256,83.09101952,83.99399648,84.50982494,84.87860257,86.05393423,87.1189895,88.08624733,88.80724325,88.97995998,89.11871694,89.27129587,89.34882851,89.56065577,89.66859671,89.78527919,90.07650223,90.17720588,90.36047885,90.77451873,90.84896956,90.86785482,90.88328306,90.92292869,90.79837345,90.85528382,90.99662461,91.13841233,91.24197459,91.41702478,91.50318327,91.63580213,91.79656304,91.83784673,92.3566539,92.2938388,92.16241013,92.35325581,92.50655225,92.66005411,93.05520005,93.65205448,94.14173259,94.4163893,94.38965476,94.21083979,93.40277874,91.66798064,91.195768,91.21097475,91.38852338,91.57783148,91.75116096,91.92675319,92.29808072,92.39003714,92.52765691,92.92585565,93.27512392,93.62201485,93.88124951,94.08575719,94.44866563,94.84806641,95.54290309,96.09027376,96.39445927,96.74633142,97.47633751,97.99194546,98.51681326,98.8218346,99.07735636,99.33347582,100,100.6203156,101.1685255,101.7140965,102.2831156,102.6886759,102.9349281,102.9820566,102.9492302,102.8504274,102.7924644,102.6922189,102.5486764,102.3623362,102.2293712,101.6284456,99.53810362,95.71917293,90.65313096
도봉구,57.71732018,57.92713032,58.48413977,59.42794591,59.53874101,60.49668728,60.60116526,60.86246583,61.48254237,61.9313702,61.57164245,59.71600071,58.7151431,58.41734489,57.98377744,58.04981467,58.4638155,58.64982843,59.40808246,59.99533033,62.37235358,63.35462,63.61699279,63.3840075,63.47734184,63.59381786,63.94390116,64.19992522,64.34191427,64.33468822,63.93078691,63.81496177,64.01547673,64.79264621,65.40917625,65.60467897,65.88290742,67.5161213,69.14638833,70.08867055,70.42062106,70.72176088,71.56875974,73.12752107,74.96366529,75.95428132,76.52486846,76.36770856,75.80473951,75.78622355,75.82409586,75.87113411,75.80213627,75.36206791,74.99515058,74.3605588,74.43014195,74.72869671,74.74741651,75.17012919,75.41803729,75.62029061,75.83502559,76.27847626,76.2079243,75.95225998,75.99315829,76.51520751,77.48259264,78.81765723,80.36654425,81.47085785,82.43974201,83.45750412,84.0938831,84.32358456,84.29311605,84.34810323,84.56356494,84.85981097,85.1841629,85.74037439,85.9502653,86.15239392,86.63677478,86.94068978,87.36092932,87.88532531,88.27230248,88.85783052,89.40388332,90.07490204,91.0711626,91.96120771,93.19826332,93.91732873,94.37054059,94.78541213,94.9762584,95.16120717,95.40761112,95.67466279,95.91504645,96.11370331,96.28479315,96.54572651,96.76671793,96.79513865,96.79178374,96.82814186,96.90777219,96.95241312,97.00742027,97.01571247,97.09220167,97.04922633,97.10567451,97.0333753,96.99266388,96.76548143,96.54834287,96.39502217,96.32064929,96.29822088,96.32867218,96.38553792,96.46611848,96.5561689,96.59525035,96.65501701,96.67720565,96.55578384,96.40675657,95.92150491,95.21531767,95.02495107,94.89021881,94.84978192,94.82073827,94.88137321,94.92361273,95.00640273,95.22526468,95.43883225,95.48869262,95.64620846,95.77990297,95.8499824,95.86323556,96.02576719,96.29581046,96.61021553,97.04821765,97.47629856,97.984127,98.54999242,98.8756998,99.20771576,99.45566626,99.57129854,99.66196667,100,100.5914561,101.2080368,101.8951109,102.4355952,102.969451,103.1526628,103.2903435,103.2350273,103.1888032,103.1630198,103.1586079,103.1853016,103.0905361,102.9258769,102.4565631,101.2148682,98.17878184,94.03344929
노원구,52.67535253,52.98032246,53.84863048,54.68804473,54.72517973,54.70466207,54.72502866,54.84830285,55.32625655,55.57377433,55.29282416,54.25762442,53.52979062,53.13446905,53.24090824,53.3692209,53.41225517,53.53080967,53.99905765,54.3753941,56.14986703,56.99294075,57.27681328,57.54104139,57.49341608,57.91208215,58.30295547,58.58065479,58.43158485,58.33687901,58.24483001,58.38573327,58.99747074,59.9238822,60.31003582,60.64954075,61.38053873,62.80459025,64.48759767,64.83412834,64.89616243,64.92997055,65.89994911,67.07356438,69.19560182,70.12907064,70.36987646,70.17819123,69.86768633,70.11783388,69.87758481,69.07067603,67.97390018,67.32841798,66.75314942,66.67609698,67.14886342,67.72162505,68.05652594,68.16570228,68.4147934,68.65669761,69.07169264,69.32976749,69.25349774,69.16160806,69.40182509,70.13672763,71.40816246,72.88273815,74.10386952,74.5844987,75.39119328,75.96396629,76.68574018,76.94783556,76.98787191,77.02956499,77.26582286,77.55503474,77.92485481,78.46245878,78.94188625,79.32018342,79.39461971,79.86409146,80.54166501,81.82381299,82.82336507,83.62834229,84.45440068,85.25720954,86.77207857,87.98626127,89.1840088,89.83853232,90.02523798,90.19094772,90.36054817,90.49980347,90.64801906,90.74440053,90.82641524,90.90071611,90.9662809,91.09053771,91.3626594,91.46086207,91.48529534,91.50300155,91.54572012,91.6359236,91.85829428,92.11048282,92.1391397,92.07603838,92.09064326,92.08613673,92.07574851,91.9402628,91.84375303,91.80303005,91.72154445,91.60040487,91.42333167,91.25149284,91.19019076,91.31480654,91.31913682,91.42429889,91.49981424,91.51064081,91.54289597,91.49463826,91.31171574,91.18279112,91.1532929,91.0848335,91.11205931,91.22748994,91.33273842,91.65339885,91.86695244,92.08733331,92.40684608,92.49733785,92.51275564,92.41377509,92.32665543,92.47326446,92.85519238,93.28613446,93.81868743,94.3414632,94.91511964,95.65308164,96.40543812,97.16865007,97.73551405,98.46540472,99.21303391,100,100.8284114,101.916415,102.8266127,103.3638201,103.7976044,103.9913834,103.82614,103.7049443,103.548267,103.5555914,103.4388275,103.3221679,103.1669436,103.0213539,102.5143503,101.0869262,97.8866757,92.39053375
은평구,65.35915378,65.47200464,65.79374072,66.73075535,66.90313123,66.32795532,65.90783787,65.52322651,65.64576248,65.45280834,64.70759304,63.16971922,62.09057406,61.37378014,61.10931305,60.8203825,61.13271154,61.47651675,61.94650036,62.91208334,64.13643369,65.33031327,65.90334952,65.75428345,65.78939592,66.00793675,66.21313557,66.33621665,66.26188351,66.26188351,65.21294298,64.42675698,64.44742494,65.14072994,65.34832498,65.47559238,65.7105438,66.98576625,67.79727144,68.34992586,68.22560013,68.36220933,68.65254786,69.30048444,70.68308512,70.89467296,71.52616031,71.52558568,71.45992306,71.14620621,71.35925094,71.40496839,71.23576296,71.23053344,70.44939715,70.5648053,70.77107153,71.28046575,71.26920656,71.28357779,71.38215947,71.77769538,72.11594624,72.74238811,72.95735963,73.04576983,73.2012236,73.7225461,74.50936869,75.11149356,75.7237452,76.21363417,76.63794847,77.16046819,77.84081031,78.10198453,78.35021559,78.67844457,78.92165363,79.06681561,79.56273528,79.89383059,80.20486258,80.47315228,80.75821387,80.91282433,81.59451317,82.16317515,82.47271905,82.9039952,83.29419198,83.86324897,84.5108516,85.29138639,86.23522348,86.5663331,86.796463,87.00264851,87.12163939,87.29938138,87.61498238,88.16239874,88.7536127,89.15696344,89.49077558,89.99582757,90.53915428,90.80376234,90.97863794,91.29048244,91.5098502,91.84124262,92.11442632,92.495982,92.69130187,92.93113638,93.28709269,93.57801267,93.83134763,93.69934565,93.7397464,93.91933915,94.12735655,94.20905563,94.30927987,94.27143906,94.36139041,94.35925176,94.49977227,94.60002385,94.53670881,94.43066097,94.15818778,93.80451486,93.03397338,92.53730738,92.43957359,92.36356819,92.43728959,92.50013234,92.64985813,92.86473079,93.08709462,93.29737725,93.48248014,93.70047353,93.82381011,93.91722492,93.96764407,94.0840937,94.38966554,94.82990146,95.23732747,95.63658963,96.08010751,96.89462019,97.52961106,98.08182945,98.53982657,99.01445242,99.46886009,100,100.4867109,101.3301442,102.0226144,102.7277682,103.3678365,103.5257391,103.425288,103.3135568,103.1504641,102.967258,102.7686517,102.6472586,102.4857468,102.0312147,100.9868442,99.16746008,95.99734209,90.45164882
서대문구,55.70944382,56.32516684,57.09188668,57.58390056,58.1088822,58.66598571,58.83496304,59.107546,59.40193558,59.57496945,58.52466082,56.41435998,54.85262099,54.4514382,54.50813214,54.42111769,54.54151296,54.60343606,54.63890506,54.87711782,55.89483099,56.3164673,56.57598184,57.53614986,57.72912615,58.08023793,58.67251245,59.0443336,59.7962559,60.0599951,60.44140867,60.59405852,60.7228669,61.04391412,61.11240239,61.08044978,61.39863951,62.37469348,62.91938082,63.52434492,63.76751077,63.96657917,64.56558141,65.11445056,66.41125624,67.10420922,67.79074687,67.78011337,67.78011337,68.86025241,69.04734197,69.10213106,69.11818911,69.00514985,68.56274985,68.68677999,69.53272815,70.46616133,70.98597068,70.5620705,70.76763026,71.17174701,72.09713913,73.07586633,73.24208184,73.69498488,73.88735938,74.7219928,75.74480252,76.5185471,76.98169763,77.44391563,78.3136552,79.10724462,79.51140558,79.70207226,79.67650384,79.77081129,79.90697451,79.97484088,80.29153917,80.43939925,80.59105511,80.75061175,81.06778282,81.3596701,82.06835394,82.75498458,83.0550673,83.64303986,84.19553635,84.71908244,85.51636322,86.52932426,87.27398177,87.96966818,88.42040804,88.70878561,88.97266932,89.25222097,89.68588682,90.25656743,90.64061503,91.17456204,91.51684359,92.10246034,92.67362644,92.97086752,93.20883563,93.36935457,93.72441605,94.12638058,94.39950738,94.70892783,94.87659211,95.10013073,95.31035936,95.53827921,95.79027819,96.03033243,96.14115325,96.44425096,96.64848564,96.74889623,96.91066824,97.02263723,97.17415543,97.18180184,97.26849253,97.29282865,97.18117831,96.80622985,96.23195009,95.68217061,95.14282494,94.87858053,94.79950638,94.74081449,94.78394279,94.80376446,94.80508402,94.87464182,95.00663726,95.25590983,95.46623149,95.57580055,95.67439685,95.75013829,95.78690533,95.88729728,96.14651276,96.52411417,96.78802617,97.12134152,97.55673952,98.27466797,98.84661025,99.2216082,99.51982012,99.71040795,99.77205715,100,100.3843843,100.9289544,101.4621674,102.2188153,102.7958794,102.9705589,102.9951839,102.6648643,102.5833287,102.4831932,102.4422741,102.2953665,102.0935646,101.5984032,100.5725547,99.07363199,95.93132325,90.91480613
마포구,52.63776832,52.89789947,53.23810912,53.4152455,53.61603754,53.91140382,54.25415478,54.45172119,54.69062928,54.74655266,54.30686971,52.09598277,51.04685306,51.20092627,51.43429637,51.80659616,52.09990746,52.27427517,52.71792048,53.7048861,55.14457501,55.987805,56.33454521,56.5064219,56.62657465,56.87084961,57.06194265,57.60825154,57.90062978,58.25988759,58.61045217,58.78485708,59.18142702,59.46258047,60.07526963,60.44400783,61.12047372,62.43563084,63.27892044,63.76265194,63.82939994,64.14754372,64.4583727,65.39179881,66.75042069,67.45161599,68.12509004,68.20997438,68.20997438,68.32073592,68.38286766,68.48591932,68.5688838,68.50904165,68.53941535,68.50940763,68.76382122,68.9915154,69.15033864,69.3999668,69.4874061,69.49246582,69.71641183,69.79535923,69.85444479,69.96771811,70.10720976,70.79567173,71.15249492,71.59426252,72.26628121,73.09837414,74.39564093,75.07223506,75.47639598,75.68480726,75.7858098,75.91067468,75.97333718,76.21314869,76.67589619,77.38950857,77.63530615,77.77732712,77.93252274,78.07705129,78.45095489,78.89588089,79.21801776,79.61771318,80.11243446,80.41466135,80.94870005,81.73081659,82.46289284,82.88118894,83.27950504,83.71553655,84.00747533,84.28073962,84.70563176,85.40050234,85.99773879,86.52237361,86.79248322,87.19399588,87.65204241,87.99511229,88.21461695,88.41714353,88.69294439,89.01629122,89.35313453,89.52120544,89.54783953,89.72913636,89.79545936,89.98548656,90.210114,90.28653115,90.72816981,91.02466114,91.09500591,91.14112054,91.04472518,91.00318831,91.26440441,91.6493384,92.15476552,92.74967262,92.70287815,92.13942687,91.73068466,91.33388383,90.85135112,90.20332778,90.04426638,90.1157032,90.03519317,90.13468893,90.20531764,90.42027225,90.6149998,90.97814307,91.43490869,91.9485438,92.29823376,92.58607415,92.82153405,93.21345531,93.86424401,94.66527821,95.41409881,95.84304991,96.56908289,97.81764202,98.78111387,99.27921229,99.54879031,99.59268637,99.6931475,100,100.515474,101.1488144,101.9486108,102.8560479,103.5439083,103.7497121,103.7453779,103.6166647,103.4878255,103.4070473,103.34222,103.2369203,103.0331788,102.6458146,101.664486,100.4263319,97.81786526,93.08251495
양천구,53.52341339,53.52367094,53.62673295,53.75264754,53.78231932,53.90060053,54.34052381,54.26072195,54.42601656,54.47115627,54.54141808,53.79410903,53.33188692,53.17156896,53.1948659,53.32481845,53.50642879,53.91501571,54.44884537,54.9633245,57.1394558,57.64412866,58.59838078,59.05215134,59.43509379,59.55099482,59.35922818,59.39545289,59.40923751,59.53293506,59.71232384,59.74469084,60.05853391,60.87849604,62.10891722,63.32197192,64.21029297,64.94443987,65.26063449,65.1940565,64.73266239,65.16534929,65.6626904,66.53649684,67.61934692,68.21520669,68.18916474,68.08650253,68.3260827,68.3268928,68.1826853,67.70370371,67.70370371,67.6293149,67.33757558,67.24847531,67.48579568,67.93028387,68.38683206,68.05551387,68.12660736,68.6363403,69.6281291,70.02696188,70.16696753,70.29194087,70.44295057,70.96417524,71.71277024,72.57816098,73.45360865,73.84864273,74.96159014,76.062545,76.94223866,76.92435134,76.93098919,76.67737378,76.59408926,76.42883438,76.80072004,77.51770322,78.0374951,78.49831794,78.58102721,79.09670971,79.68051045,80.28211539,81.10866699,82.11129148,82.51861532,82.94815521,83.9769181,84.63024286,85.29829385,86.17449428,86.55547326,86.82211947,86.98986083,87.16660477,87.42261707,87.90239385,88.32355645,88.81780976,89.31517469,89.56878359,90.27332176,90.67574372,90.71529604,90.56966062,90.59274344,90.67065174,90.74576905,91.14063954,91.28828856,91.33601275,91.45709122,91.63167109,91.97340095,92.27919177,93.04764858,93.73059702,93.35440198,92.26527567,91.75020752,91.91724504,92.53528814,92.99889568,93.4494185,93.64754495,93.6623824,93.71416117,93.58270966,93.31775712,92.84915955,92.28388477,92.05174285,91.90450195,91.88114827,91.9927043,92.14520453,92.67429017,93.66186018,94.8270445,96.40174356,96.65067202,96.5479142,96.37874313,96.20873183,96.22103407,96.46894828,96.82551017,97.22479608,97.57546875,98.04456903,98.79366045,99.2151639,99.61265464,99.8940998,100.0731074,99.99217033,100,101.0884234,101.9837514,102.7466642,103.4596601,104.0275835,104.4281052,104.4229166,104.1684339,103.8750525,103.6760404,103.5076899,103.2453914,102.9759375,102.5992734,101.9299541,100.5313228,97.91304997,92.85103482
강서구,47.79448261,47.89892392,48.17807573,48.48866987,48.87344885,48.94306623,49.13525688,49.31809025,49.97793368,50.52110384,50.30991699,49.57125342,48.8103496,48.64444293,48.95255777,49.0983022,49.59374154,50.50346515,51.34884379,52.34814535,54.93705718,55.60585101,55.70167287,55.6351878,55.73124828,56.04541697,56.3471424,56.60711497,56.96394241,56.95851962,57.00500755,57.09840825,57.65816364,58.60475137,59.15451018,59.53739201,60.06076992,61.01143055,61.68707019,62.24201189,62.36835878,62.51487055,62.81904423,63.75683227,65.02173054,65.66814783,66.22202784,66.02142247,66.19788737,66.32122899,66.33036126,65.69134,64.82235437,64.40589807,64.00922237,63.7965229,64.08874709,64.68916908,65.26881384,65.56371779,66.01975635,66.35258896,67.02299344,67.61692076,67.90070723,68.13730077,68.60379755,69.35987424,69.92821687,71.3018298,72.35499264,73.00575736,74.52801883,75.6783564,76.35705341,76.19505103,76.05823651,75.87219642,75.84935986,75.81619336,76.02233132,76.31782659,76.78384014,76.99729888,77.22316973,77.6958848,78.15624708,79.07676016,79.99841616,81.03945144,81.68421781,82.21453729,82.91484011,83.72106765,84.98321367,85.99654114,86.79317864,87.12606514,87.25111516,87.42433654,87.69471912,88.1396431,88.62491213,88.85502143,89.06183852,89.35353076,89.52437003,89.6114209,89.66625692,89.68325571,89.96164528,90.10469223,90.14594315,90.29043708,90.47257286,90.78300749,90.88768579,90.96854301,91.38440446,91.75628416,92.09501092,93.20977207,93.17908174,92.8149695,92.61182817,92.30301792,92.57744776,92.62139772,93.30364923,93.66565687,93.44765657,93.35312626,93.03553295,92.76981201,92.3406562,92.08988683,91.94685865,91.85926969,91.95090965,92.11414657,92.3394353,92.83633452,93.40887036,93.96576149,94.77842279,94.92934387,95.09631352,95.23861725,95.21262091,95.3162541,95.54813633,95.97898272,96.51923209,97.03103019,97.56108652,98.19994894,98.6820073,99.08953412,99.39926289,99.56053812,99.7234336,100,100.4326697,101.1438538,101.7678412,102.2463076,102.6195577,103.0083985,103.0100684,102.8895143,102.6027722,102.4298858,102.3379115,102.2510041,102.0848294,101.8785924,101.3261871,100.2013693,97.76826004,93.73792662
구로구,49.19285964,49.31872115,49.53466596,49.99301661,50.27930397,50.29090086,50.50183036,50.69203126,50.87941599,51.15583766,51.00059362,50.6533706,50.13703388,49.98608733,50.10926457,50.11236392,50.32003561,50.34064325,50.52785128,50.65531069,51.99725552,52.30526781,52.67640854,53.05971586,53.35605252,53.53704514,54.15455882,54.40929779,54.74003419,54.77012195,54.89980892,55.11482056,55.5807239,56.08324387,57.34878663,57.60076779,58.06633437,59.00234302,61.10804283,62.17186654,62.40301471,62.7266011,63.10862859,63.73169601,64.77731806,65.05042293,65.07144046,65.0384197,64.95898013,64.870196,64.88450771,64.60249762,64.08734337,64.01477971,63.85182835,63.74518037,64.09663702,64.38830262,64.61846061,64.67414652,64.93296721,65.21069218,65.8118176,66.35971274,67.02737854,67.43849484,67.94294503,68.25982811,68.56549085,69.00797443,70.07104138,70.87955152,72.32882162,73.72133675,74.58870273,74.9774909,74.81205771,74.77344254,74.88891325,75.01018557,75.33927742,76.01818131,76.41044158,76.90445176,77.230759,77.61047931,78.16565698,78.77409794,79.36428815,80.53916959,81.41180969,81.87248253,82.95322349,83.61421987,84.56236579,85.71491316,86.37698853,86.80504253,87.03251728,87.39162477,87.75210666,88.17623197,88.66348394,89.02694877,89.2844074,89.65490682,90.08879572,90.29764264,90.41026467,90.46215564,90.68409042,91.11725356,91.49184919,91.8737137,92.1754174,92.47058723,92.60956562,92.75246083,93.17101207,93.21013414,93.44946893,93.61833377,93.68743269,93.50387389,93.29646265,93.06879242,93.08200194,93.19721965,93.24153702,93.36967132,93.43099547,93.48755193,93.12137799,92.85819905,92.74396317,92.69935641,92.56829443,92.5200972,92.48264713,92.49055606,92.66370392,92.81061088,93.08301313,93.28881274,93.57783016,93.75776556,93.95322092,94.0652336,94.20512662,94.46409362,94.7454518,95.21421767,95.75162714,96.26480807,96.77205603,97.46669213,98.21525446,98.70439239,99.07922363,99.35835861,99.61082244,100,100.5990775,101.1055638,101.6396266,102.2247513,102.828529,103.2601223,103.346971,103.2891308,103.1753286,103.1101972,103.0845656,103.0422529,102.9091159,102.6876883,102.2056475,101.2718931,98.28200879,93.97713644
금천구,54.26114353,54.87969276,55.64601485,55.67129126,56.01477107,56.09102169,56.18741839,56.18512375,56.21054302,56.31650401,56.24824654,55.93992464,55.16476373,55.13270165,55.39675116,55.36923603,55.41354309,55.41354309,55.41354309,56.21108325,57.50893836,57.5670791,58.34687469,58.48235574,58.51668991,58.52633626,58.63874839,58.81799381,58.65022924,58.88836774,58.73271587,58.83428665,58.86625715,59.5959826,59.89215245,59.90705905,60.14165008,60.77446324,62.92832633,63.14169034,63.10122285,64.13262208,64.59200649,65.89458792,67.00965052,67.23013281,67.27238886,67.16802386,67.16802386,68.47484328,68.23621737,67.9158628,68.17687723,68.44916099,68.33698314,67.64752401,66.88315513,67.25312345,67.47297711,67.62659275,67.74190291,67.8510814,68.00072799,68.13921181,68.34109565,68.903012,69.60546229,70.54702021,71.99672462,74.18001296,75.18691827,76.75809147,78.59962557,79.17910826,79.5627888,79.53730439,79.45498392,79.39427463,79.40526151,79.35853572,79.56755292,79.87954411,79.93657534,80.17675313,80.35804749,80.58093019,81.10668891,81.63133143,82.25280349,82.81245728,83.19476681,83.50296654,84.22136297,84.63550831,85.51447076,86.44120415,86.81103944,87.10537709,87.28761543,87.48609548,87.74306408,87.9975899,88.34524364,88.81958173,89.12804135,89.6214621,90.10607695,90.43446484,90.58648957,90.81142491,91.19624051,91.48309382,91.87257815,92.36654215,92.61895439,93.1593062,93.31290967,93.31290967,93.38700138,93.4463213,93.46455401,93.42376479,93.40802217,93.3364436,93.18820402,93.14182798,93.21113907,93.51171569,93.5776935,93.74424746,93.81452632,93.83859664,93.69434257,93.31154541,93.17425502,93.06351568,93.03773012,92.92874147,92.99485726,93.05363634,93.20957973,93.48089087,94.11517333,94.99333398,95.3732262,95.51149991,95.60931933,95.70846658,95.78330458,95.94635775,96.18885766,96.7449726,97.2062441,97.71902193,98.29706845,98.98381833,99.26688375,99.54831441,99.80881753,99.88308088,99.922522,100,100.3785662,100.865506,101.50526,102.2443001,102.5233317,102.5978584,102.5793274,102.5328806,102.4962054,102.4642507,102.4226237,102.3814863,102.2766557,102.0152299,101.5443462,100.4634041,97.61328181,91.91558606
영등포구,50.57207114,50.63002627,50.84210143,51.07585197,51.07730842,51.06054018,51.10621,51.09302814,51.04194749,51.08829676,51.06167655,49.89769171,49.34686432,49.22695496,49.27685326,49.6460745,49.90262598,50.22187382,50.43696759,50.63381161,52.05806031,52.66601098,52.86515437,53.17335911,53.55986079,54.6661102,54.97820577,55.32024957,55.48653072,55.70314196,56.2228288,56.69400282,57.29496381,57.82069711,58.72943017,58.97200318,59.66682914,61.05329494,62.41271064,63.2025329,63.06035073,63.25563575,63.66005888,64.27056606,65.45341631,66.08881499,66.13173775,66.14174119,66.12773579,66.0067185,66.09875455,66.21081428,66.20242255,66.11602264,66.05917412,66.08367731,66.81747481,67.33076677,67.98038928,68.16154324,68.18487322,68.63103728,68.88478259,69.12747064,69.46674726,70.22983252,71.53266456,72.77469494,74.24227558,75.81362863,76.77890572,77.67453801,78.50638853,79.24652339,79.62589753,79.13443472,78.95219713,78.9569165,79.0125711,79.26107145,79.43350475,79.70569185,80.0272104,80.40996455,80.73161025,81.01393241,81.37858444,82.14295566,82.85152053,83.52870502,84.20163293,84.62383644,85.28596987,86.00697743,86.95018155,87.75393567,88.29960385,88.41060626,88.54059634,88.77397472,88.99507046,89.33432988,89.78658624,90.0767726,90.30065621,90.65489168,91.03653509,91.21168771,91.33549286,91.54088097,91.7972115,92.10417255,92.38180621,92.71971206,92.90097628,93.06436048,93.01575658,93.11046798,93.29971774,93.80856715,93.86029436,94.07307521,93.98203009,93.90453496,93.80011467,93.88323082,93.82474258,94.07089025,94.65374084,95.17633666,95.29476123,95.14229867,94.64528786,94.13810422,93.90166001,93.5444878,93.29945876,93.24139467,93.14585125,93.27595855,93.58043853,94.0803777,94.66520219,95.10913506,95.41235432,95.60060131,95.74706642,95.7957569,95.80063496,95.85363897,96.08917462,96.44464293,96.81283393,97.15341478,97.57319853,98.37814438,98.79104473,99.11652457,99.34144278,99.48495595,99.64722986,100,100.6422914,101.3654509,102.1702697,102.9137173,103.5686034,103.9746069,104.039294,104.0040132,103.9712764,103.9798136,104.04129,104.0059658,103.9166064,103.5545091,103.0255458,101.9783066,99.45457912,95.74238457
동작구,50.56484016,50.62660032,50.78432415,51.04924956,51.16051549,51.61735867,51.67646548,51.71507119,51.60428791,51.5469574,51.10386969,49.46904719,47.98240033,48.0329362,48.66942838,48.88463457,49.2647284,49.39283834,49.83480647,50.54548993,51.76408194,52.38134661,52.57914177,52.76313814,53.02449895,53.57648609,54.00940633,54.26329383,54.55806299,54.85529671,54.86238461,54.98080319,55.30911593,56.05187484,56.50740974,57.13254524,57.6337026,59.23333335,60.03107787,60.45241484,60.45791413,60.72410327,61.09507852,62.18928552,63.90396914,64.30787422,64.55149251,64.28487285,64.08504405,64.53024161,64.45878399,64.59555887,64.2770414,63.88794695,63.58171983,63.74548901,64.2193386,64.94784675,65.63294156,65.29353615,65.73999416,66.34487494,66.77261955,67.27291101,67.67779628,67.85564728,68.22741672,69.03322095,69.86961966,70.75797593,71.35704318,72.04240565,72.88290926,73.58512164,74.2781294,74.34412827,74.31979705,74.41088105,74.54886229,74.76629179,75.16284768,75.5880397,75.8367873,76.04658251,76.19870156,76.53065052,77.05488219,77.46431912,78.04305861,78.78350802,79.2889421,79.75748728,80.36494248,80.93612061,82.12940979,83.24554253,83.66416656,83.85840489,84.01111382,84.22511148,84.49532963,84.84064466,85.16254855,85.56831104,85.76028241,86.0534334,86.37762937,86.51485083,86.5840595,86.70084383,86.92467314,87.20371481,87.55684374,88.07654636,88.42405492,88.68308104,88.89247606,89.11350442,89.46262773,89.66068343,89.68634521,89.36758696,88.71693508,88.2749716,87.97202965,87.76409307,88.39371991,89.28674056,90.18461367,90.42469656,90.23481204,89.84517583,89.12899391,88.25369957,87.42852503,87.01886911,86.79265715,86.70519074,86.98810736,87.26911032,87.59373627,88.2959575,88.63035179,89.14573567,90.22408916,90.68718968,90.90015866,91.06767925,91.28444458,91.49940778,91.86158929,92.63288895,93.07889405,93.52278796,94.67470234,95.87012629,96.76646347,97.6136916,98.1787277,98.52074272,98.5978016,100,100.9994459,101.8941217,102.7373849,103.5210187,103.988092,104.328455,104.2709863,104.142147,104.0052183,104.0013326,104.074563,104.0738696,104.0291091,103.867722,103.1991575,102.1287245,98.81361385,94.62860744
관악구,52.21956244,52.18642031,52.28785292,52.61479779,52.6907298,52.66451328,52.9079347,52.93087244,52.91823848,52.89744833,52.75762588,50.6317619,49.85923828,49.89744307,50.29536521,50.81683317,51.27665992,51.40256213,51.84229566,52.04923651,53.63192713,54.15823105,54.56653691,54.84346523,55.02377607,55.29986018,55.47542154,56.08385931,56.1499548,56.23133447,56.20100412,56.23088581,56.27050298,56.68058898,56.97238761,57.53643169,58.21290095,59.53335765,60.75903582,61.30093102,60.82418219,61.83330496,62.46363595,62.94113698,63.81803262,64.20342508,64.35812362,64.12504495,64.09584111,64.35445884,64.49289789,64.50467685,64.24688696,64.49099943,64.21875748,64.49885104,64.87479748,64.76186757,64.26891026,63.9502729,64.29729677,64.80656923,65.10556841,65.50092038,65.88412694,65.95530574,65.98851308,66.57143428,66.82121629,68.23113818,69.54324248,69.99273763,70.75539248,71.17308159,71.61114202,71.81899659,72.12302457,72.17489092,72.23802546,72.30269366,72.51873731,72.77168179,72.92986032,73.1939038,73.46834017,73.71917156,74.01225755,74.54184336,75.15129705,75.90720209,76.4267324,76.91069111,77.52437438,78.36166158,79.37265873,80.18323456,80.6484544,80.90918361,81.12476375,81.48724456,81.86345341,82.561432,83.01432819,83.5273443,83.81324527,84.37249919,85.09280047,85.32729584,85.69764565,85.90596288,86.16104577,86.83665361,87.62183429,88.49677036,88.99170932,89.7141998,89.99362016,90.22000633,90.59089855,90.69867877,90.9164197,90.98827972,90.95307335,90.78860221,90.56443228,90.52120186,90.63001592,90.7915239,90.94491799,91.19967167,91.22018177,91.1942747,90.95330841,90.80268563,90.65692589,90.36689805,90.23547962,90.11459974,89.90254064,89.87036678,89.90841029,90.3360707,90.96119354,91.51551869,91.9091879,92.06160999,92.16095187,92.27997767,92.34427545,92.53437542,92.79333991,93.43577658,94.20451537,94.71332653,95.41568095,96.53519708,97.4347513,98.16379873,98.70564988,99.12255414,99.4547239,100,100.7532948,101.4477985,102.047948,102.3753968,102.4612904,102.5089343,102.5455272,102.5364355,102.5001709,102.4592385,102.3737012,102.3185902,102.2369107,102.0005928,101.3050595,99.96062843,97.41302012,92.40588381
서초구,57.00439573,57.05072783,57.29963916,57.84139206,57.82508081,57.77860396,57.76910297,57.73956542,57.4784577,56.54049721,54.8599203,51.98475987,50.50956479,50.73222985,51.56934998,52.35360631,52.94163379,53.29252568,54.18935713,54.83311934,56.19796522,57.04348471,58.34639081,59.09881021,60.09830359,61.31174872,61.4750996,61.54670347,61.35370198,61.37569041,61.71486576,61.93905591,62.2153633,62.74806428,63.5102892,64.15801514,65.42663173,66.94059762,67.52241726,67.71814288,67.37955467,67.80872094,68.62935675,69.76043145,70.74654136,71.21802571,71.28176659,71.23705916,71.31780496,71.24604045,71.46761165,71.31849502,71.17241457,70.84816732,70.52283582,70.47742202,70.57832269,70.92016759,72.68619009,73.95481401,74.57379783,74.75973978,74.72893864,74.34687702,74.11621523,73.99696498,74.78921302,75.6947733,76.74535645,77.84040534,78.08734007,78.36579862,79.09946522,79.48935316,79.8709802,80.01289937,79.91651436,79.80218175,80.19750318,80.37052749,80.66659683,80.91025657,81.06810668,81.22179852,81.52660345,82.2440426,83.46107881,85.15546049,85.96932657,86.97299014,87.83494145,88.50693285,89.2262601,89.82474686,90.20791502,90.47188047,90.55126859,90.58367606,90.57135821,90.59637349,90.60322187,90.53429921,90.52012283,90.30166725,90.12649724,90.16953207,90.24289557,90.26317869,90.20041601,90.21870385,90.36630628,90.56160416,90.72783612,91.1014703,91.06908558,90.75601044,90.39525119,90.10032107,89.71037666,89.62731209,89.9211477,89.94274072,89.13346807,88.38792185,87.39416172,86.75080814,86.84506533,87.99568726,88.74680607,88.81154162,88.47818118,87.71429537,86.71717725,85.6613365,84.79643104,84.44571036,84.26740144,84.22982741,84.46225894,85.10117989,85.48303112,85.89249192,86.25393308,86.86814152,87.95315637,88.41530632,88.71316125,88.90634075,88.99087924,89.32770079,90.01678858,90.77622985,91.42660385,91.8045762,93.15861897,94.44773573,95.4751416,96.20765083,96.59622367,96.84569841,96.90385681,100,101.155914,102.0029134,102.7460217,103.3300192,103.7761295,104.0419821,104.0937942,104.0325754,103.9554944,103.8984863,103.9378839,104.0215801,103.9838532,103.794195,103.3510072,102.1525613,98.86948834,94.15451024
강남구,57.65319585,57.84375397,58.09592346,58.39170335,58.57366868,58.75013504,58.97616178,59.01332647,58.84864702,58.67033245,57.92402384,55.53607477,54.08507939,54.05697035,54.36023719,54.66107772,55.31077313,55.95254402,56.60599088,57.27471439,58.03177358,58.44741893,59.15285959,59.54870641,60.50037168,61.30963262,61.65472522,62.14186946,62.45392795,62.76441134,63.01398845,63.1576553,63.656317,64.10332451,64.82273457,66.10883096,67.29457469,68.29638785,68.72638467,69.20721989,68.41521235,69.08258492,70.60219663,72.18769573,73.55822462,73.93987987,73.88782147,73.54151528,72.98805373,72.49742022,71.82234512,70.48157663,69.74807826,68.88598094,68.5537321,68.12421955,68.26725207,69.36897241,70.03675254,70.29943717,70.67593162,71.42217429,71.93897914,71.64929055,71.5980694,71.3777025,71.91172964,73.19876209,74.91790356,76.03047915,76.27392265,76.42074286,77.11223201,77.64157959,78.13664751,77.48665734,77.27505394,77.37517638,77.5968971,77.69344428,77.91269872,78.28988386,78.49478224,78.70737308,79.12079126,80.05210595,81.21392391,83.03601268,83.99903204,84.8613861,85.40116127,86.03425922,86.76151108,87.29019388,88.2341114,88.71147697,88.84041055,88.94822472,89.11635849,89.1376971,89.24439173,89.25762916,89.32514235,89.34091183,89.36977179,89.42344378,89.50453483,89.58800851,89.63479094,89.66095859,89.88609887,90.06344978,90.30021459,90.72889937,91.12257399,91.66294375,91.78355249,91.86744345,92.20421507,92.75354808,93.27827623,93.24787612,92.93144399,92.36295798,91.11477602,90.35469369,90.00092566,90.04479226,90.68630305,90.93378757,90.88082322,90.59446979,89.65027643,87.81982828,86.2704867,85.91913114,85.85455387,85.90884002,86.005839,86.21745344,86.46746933,86.86115099,87.42466999,88.62569998,90.53144145,90.84725243,91.11600302,91.42486126,91.54047849,91.8107499,92.44594107,93.32467784,94.03105155,94.51550185,95.92504468,97.14937119,98.22529889,99.08913833,99.51003538,99.47802726,99.47153158,100,100.6287285,101.314885,102.1885303,102.9844178,103.4694829,103.8316902,103.9127946,103.7316318,103.6344349,103.57021,103.6451916,103.7481254,103.7148495,103.5227206,102.8976745,101.7546951,99.0758743,94.47171266
송파구,52.47385636,52.59142336,52.93803689,53.31175398,53.57131698,53.50488451,53.72933596,53.41764519,52.77895581,51.54217248,49.55123162,47.38638027,45.82675451,47.66012228,48.73900577,49.92903592,50.37759922,50.71230968,51.61275207,52.20569402,53.41637916,53.83979993,54.41688745,54.83628759,55.32214906,56.48013275,56.81493378,57.01403718,57.44352993,57.69468685,57.78045024,57.94117581,58.64854518,59.65121581,60.30528371,60.92842625,61.82058057,63.25275938,64.09800503,64.69834555,64.52339815,64.78288986,65.45894058,67.17075975,68.76051362,69.50699961,69.54758973,69.38403164,69.41953168,68.83598813,68.4888193,68.57056729,68.28169262,67.64246521,66.42023979,66.01100634,66.79766117,67.43750919,68.15514,68.66915004,69.25933064,69.62240613,69.87267068,70.02654544,69.6250522,69.53105526,70.38608901,71.58978893,72.92168077,75.52428203,75.73758907,76.17057648,77.37621944,77.87154686,77.98414948,77.89520093,77.74640157,77.62971828,77.71416172,77.83054174,78.20106686,78.56349824,78.64409785,78.82439185,79.2436283,79.976318,80.77036307,81.87463981,82.80173901,83.63925221,84.25719411,84.72737366,85.45197491,86.12397293,86.90211296,87.57151715,87.61986696,87.75377718,87.75442464,87.73535015,87.66293217,87.56255985,87.53156824,87.34317508,87.33291109,87.3945276,87.50469777,87.53020812,87.52488493,87.53430443,87.68506111,87.82390295,88.11164933,88.61598077,89.02798039,89.58407811,89.77895504,90.21686107,90.79814674,91.4117107,91.93526115,91.6778667,91.02785931,90.16989101,88.95304415,87.97180438,87.58692977,87.75782491,88.04267983,88.21022892,88.14100143,87.72303003,86.7518277,85.76698346,85.42670107,85.66243992,85.86082226,86.0155904,86.09849164,86.17660143,86.23900398,86.76529453,87.29535931,88.18544326,89.26382697,89.61421358,89.66431196,89.62632965,89.75029754,90.37916951,91.10938661,92.16530034,92.96343693,93.50392765,94.9453078,96.31273804,97.3667554,98.07410212,98.49425609,98.59115154,98.70652146,100,100.8889137,101.7480491,102.2283097,102.9277179,103.3435872,103.5898756,103.5736672,103.4344223,103.3376349,103.3190653,103.3201652,103.3210826,103.2747953,102.8842138,101.56335,98.42702234,94.81334605,89.90819815
강동구,55.48434981,55.49267484,55.71390835,55.86235261,55.80592231,55.91835441,55.96549022,55.85530988,55.38609436,53.7269901,52.07397351,49.78111193,49.29713843,50.60758898,51.89712167,52.73939965,52.8272056,52.89328532,53.02132601,53.60600697,54.95975659,55.66599174,56.33998117,56.47318741,56.92485201,57.68732015,58.4117619,58.86621008,59.14157496,59.30869772,59.30193273,59.38104675,59.83259409,60.89132477,62.01208678,62.18160238,62.51490982,63.24167686,64.08849696,64.56897189,64.53062657,64.69608361,66.21564588,67.46129562,69.43796707,71.02260597,71.09813446,71.14302442,71.44908967,71.67196603,71.77708251,71.73178947,71.52159662,71.99688614,71.40453993,70.30274562,72.71691154,74.46515061,74.82579294,74.57920975,74.39710967,74.78004929,75.18246356,74.5502456,73.87456858,73.67289427,73.99263584,74.52073057,75.13283231,75.95982795,76.19109425,76.32022272,76.75264211,76.95926156,77.23941365,77.15854751,76.9038505,76.87018044,77.02660304,77.64777985,78.61678474,79.14778629,79.32965824,79.94551951,81.19595334,82.90156076,84.75099107,87.3638841,88.36923705,89.81997544,90.64668962,91.23695796,92.37905544,93.14449815,93.67458938,93.75213144,93.86289036,93.89081359,93.89350041,93.84588495,93.84838609,93.72974472,93.72617175,93.36324704,93.23580977,93.0570382,93.06060917,92.94975315,92.82067584,92.6294608,92.54308925,92.53105196,92.95358843,94.34606425,95.29580878,96.54841078,96.95033164,97.36770148,97.59584407,97.33810848,97.19372182,97.49598964,96.80273172,95.93128228,95.31904902,95.18007827,95.34339088,95.93324024,96.45065788,96.7428765,96.71255032,96.06284308,94.36177782,92.67309288,91.67403194,90.64406833,89.76927644,89.29325429,88.92382253,88.91625513,88.92763467,88.87887992,88.87697518,89.69752798,90.30169707,90.25978422,90.35675235,90.52280717,90.69956993,90.98629467,91.85119801,93.05654379,93.81717187,94.35310011,95.6451069,97.02447214,98.03604048,98.92795101,99.29518525,99.24919937,99.21808954,100,100.7431765,101.5191855,102.2424392,102.9861023,103.5631164,103.8138971,103.8152427,103.7298767,103.6688772,103.6838046,103.6887899,103.6746881,103.5835302,103.3836666,102.5358099,100.5122514,97.33049284,92.73801397
